faculty_id,faculty_name,department_id,department_name,department_type,year,male,female,total_male_number,total_female_number,total_student_number_,professors,assoc_prof,phd,base_point,tyt_turkce,tyt_matematik,tyt_fen,tyt_sosyal,ayt_matematik,ayt_fizik,ayt_kimya,ayt_biyoloji,ayt_edebiyat,ayt_cografya1,ayt_cografya2,ayt_din,ayt_felsefe,ayt_tarih1,ayt_tarih2,Marmara,Ege,Akdeniz,Karadeniz,Ic_Anadolu,Dogu_Anadolu,Guney_Dogu_Anadolu
1,Elektrik-Elektronik Fakültesi,1,Bilgisayar Mühendisliği,SAY,2021,85,18,769,121,890,5,5,10,"459,86273",30.5,25.1,16.3,15.6,30.9,10.0,11.1,12.0,,,,,,,,49,8,13,13,14,2,4
1,Elektrik-Elektronik Fakültesi,1,Bilgisayar Mühendisliği,SAY,2022,88,15,827,140,967,7,5,10,"524,01624",34.0,38.3,17.4,16.7,39.3,12.2,11.9,11.9,,,,,,,,45,19,14,7,10,4,4
1,Elektrik-Elektronik Fakültesi,1,Bilgisayar Mühendisliği,SAY,2023,96,17,771,128,899,8,4,8,"527,29304",34.4,37.4,19.1,16.2,38.4,13.4,12.3,11.5,,,,,,,,45,10,17,9,18,3,11
1,Elektrik-Elektronik Fakültesi,3,Biyomedikal Mühendisliği (İngilizce),SAY,2021,34,38,105,143,248,0,1,4,"363,88031",26.0,16.8,13.5,12.3,19.2,5.7,9.4,10.3,,,,,,,,44,6,6,6,8,1,1
1,Elektrik-Elektronik Fakültesi,3,Biyomedikal Mühendisliği (İngilizce),SAY,2022,31,41,191,243,434,0,3,4,"430,24605",29.4,30.2,13.3,13.1,31.2,7.0,8.4,7.6,,,,,,,,41,6,6,9,5,1,4
1,Elektrik-Elektronik Fakültesi,3,Biyomedikal Mühendisliği (İngilizce),SAY,2023,33,39,208,271,479,2,4,2,"435,17454",30.1,27.5,15.8,12.9,27.3,10.8,8.7,8.1,,,,,,,,53,1,4,6,3,1,4
1,Elektrik-Elektronik Fakültesi,7,Elektrik Mühendisliği,SAY,2021,109,25,835,112,947,7,6,18,"390,12780",28.1,18.8,14.1,13.4,21.9,6.7,10.3,10.6,,,,,,,,70,16,17,10,8,7,6
1,Elektrik-Elektronik Fakültesi,7,Elektrik Mühendisliği,SAY,2022,108,26,758,132,890,8,7,18,"462,07905",30.4,32.5,14.4,14.0,35.0,9.6,9.6,8.9,,,,,,,,93,12,10,6,10,1,2
1,Elektrik-Elektronik Fakültesi,7,Elektrik Mühendisliği,SAY,2023,108,26,720,137,857,9,16,14,"477,74322",31.8,32.6,16.7,14.3,33.1,12.2,10.7,9.3,,,,,,,,98,12,9,6,5,3,1
1,Elektrik-Elektronik Fakültesi,8,Elektronik ve Haberleşme Mühendisliği,SAY,2021,92,21,712,102,814,7,7,9,"423,51815",29.4,21.7,15.6,14.4,26.1,8.6,10.9,11.5,,,,,,,,62,10,8,14,18,1,0
1,Elektrik-Elektronik Fakültesi,8,Elektronik ve Haberleşme Mühendisliği,SAY,2022,96,17,688,109,797,9,9,5,"497,21067",31.5,36.6,16.2,15.0,37.8,11.2,10.8,10.4,,,,,,,,57,11,19,13,10,1,2
1,Elektrik-Elektronik Fakültesi,8,Elektronik ve Haberleşme Mühendisliği,SAY,2023,92,21,635,107,742,13,7,8,"507,10034",33.1,35.4,17.7,15.6,36.1,12.9,11.8,10.7,,,,,,,,66,9,7,10,13,3,5
1,Elektrik-Elektronik Fakültesi,33,Kontrol ve Otomasyon Mühendisliği,SAY,2021,48,24,414,60,474,1,3,6,"402,59571",28.9,19.2,14.5,13.9,23.1,7.3,10.3,10.9,,,,,,,,38,9,6,9,5,2,3
1,Elektrik-Elektronik Fakültesi,33,Kontrol ve Otomasyon Mühendisliği,SAY,2022,62,10,450,79,529,2,2,6,"478,91417",31.1,34.3,15.7,14.3,36.4,10.0,10.1,9.3,,,,,,,,42,10,6,5,6,2,1
1,Elektrik-Elektronik Fakültesi,33,Kontrol ve Otomasyon Mühendisliği,SAY,2023,54,18,417,88,505,2,5,7,"495,74667",31.6,34.3,17.4,15.2,35.2,12.4,11.0,10.0,,,,,,,,50,7,5,3,5,1,1
1,Elektrik-Elektronik Fakültesi,34,Kontrol ve Otomasyon Mühendisliği (İngilizce),SAY,2021,35,17,311,61,372,1,3,6,"411,82375",29.6,19.6,15.5,14.1,24.4,7.3,10.4,11.8,,,,,,,,33,6,4,0,7,0,2
1,Elektrik-Elektronik Fakültesi,34,Kontrol ve Otomasyon Mühendisliği (İngilizce),SAY,2022,41,11,361,80,441,2,2,6,"488,61562",32.7,35.7,15.1,15.1,37.3,10.5,10.5,9.5,,,,,,,,36,7,6,2,1,0,0
1,Elektrik-Elektronik Fakültesi,34,Kontrol ve Otomasyon Mühendisliği (İngilizce),SAY,2023,43,9,360,86,446,2,5,7,"501,99406",33.6,34.9,17.7,14.9,35.6,12.6,11.2,10.2,,,,,,,,34,8,1,2,5,2,0
2,Eğitim Fakültesi,2,Bilgisayar ve Öğretim Teknolojileri Öğretmenliği,SAY,2021,30,11,178,99,277,1,1,4,"276,47105",23.6,11.1,9.1,10.9,11.1,2.8,5.9,6.7,,,,,,,,27,2,5,1,3,1,2
2,Eğitim Fakültesi,2,Bilgisayar ve Öğretim Teknolojileri Öğretmenliği,SAY,2022,29,12,186,88,274,1,0,3,"347,21119",26.7,24.8,9.0,10.2,21.6,4.4,5.2,5.3,,,,,,,,33,0,3,2,1,1,1
2,Eğitim Fakültesi,2,Bilgisayar ve Öğretim Teknolojileri Öğretmenliği,SAY,2023,24,17,175,87,262,1,2,1,"371,38591",28.4,23.3,12.6,12.3,21.0,8.1,6.2,5.3,,,,,,,,28,1,3,6,0,0,3
2,Eğitim Fakültesi,11,Fen Bilgisi Öğretmenliği,SAY,2021,17,45,50,210,260,5,1,3,"300,08087",24.9,12.1,10.3,9.5,12.4,2.8,7.8,8.6,,,,,,,,53,0,4,3,1,0,1
2,Eğitim Fakültesi,11,Fen Bilgisi Öğretmenliği,SAY,2022,13,49,58,215,273,5,3,1,"352,41279",26.9,20.0,11.1,11.3,20.4,4.1,6.9,6.6,,,,,,,,54,0,1,1,4,1,1
2,Eğitim Fakültesi,11,Fen Bilgisi Öğretmenliği,SAY,2023,12,50,65,211,276,6,2,0,"361,20240",28.0,21.1,11.9,11.7,18.8,6.0,6.1,6.2,,,,,,,,53,1,2,2,0,2,2
2,Eğitim Fakültesi,22,İlköğretim Matematik Öğretmenliği,SAY,2021,14,48,92,225,317,1,1,3,"373,52762",27.5,16.7,13.7,11.9,20.4,5.1,9.9,10.7,,,,,,,,31,2,10,3,4,4,8
2,Eğitim Fakültesi,22,İlköğretim Matematik Öğretmenliği,SAY,2022,15,47,96,248,344,1,3,1,"437,16823",28.5,29.1,13.2,12.4,32.5,7.9,9.0,8.1,,,,,,,,30,0,5,7,9,4,7
2,Eğitim Fakültesi,22,İlköğretim Matematik Öğretmenliği,SAY,2023,15,47,86,232,318,1,3,1,"428,86933",29.8,27.3,13.8,12.6,28.0,10.2,8.4,7.8,,,,,,,,28,6,9,3,4,4,8
2,Eğitim Fakültesi,23,İngilizce Öğretmenliği,DİL,2021,26,36,112,191,303,0,2,2,"423,06777",30.2,8.8,4.6,14.1,,,,,,,,,,,,35,5,6,4,6,4,2
2,Eğitim Fakültesi,23,İngilizce Öğretmenliği,DİL,2022,20,42,119,202,321,1,1,2,"457,20061",31.6,17.2,6.1,13.2,,,,,,,,,,,,44,3,4,0,5,2,3
2,Eğitim Fakültesi,23,İngilizce Öğretmenliği,DİL,2023,18,44,112,197,309,1,3,3,"459,43422",32.1,16.5,7.5,14.7,,,,,,,,,,,,41,1,4,5,6,2,3
2,Eğitim Fakültesi,50,Okul Öncesi Öğretmenliği,SÖZ,2021,4,58,43,258,301,0,2,1,"369,81961",28.4,4.8,1.3,15.2,,,,,18.1,4.7,8.7,3.8,7.6,5.9,5.6,39,2,3,3,2,5,8
2,Eğitim Fakültesi,50,Okul Öncesi Öğretmenliği,SÖZ,2022,10,52,48,280,328,1,1,1,"415,08841",29.5,8.1,2.2,15.7,,,,,19.1,4.9,9.5,4.7,7.0,6.4,8.7,40,3,1,5,3,3,7
2,Eğitim Fakültesi,50,Okul Öncesi Öğretmenliği,SÖZ,2023,9,53,45,257,302,1,3,1,"416,60906",31.3,7.4,2.0,15.7,,,,,18.8,4.0,7.7,4.8,7.5,7.2,9.1,43,3,1,2,2,2,9
2,Eğitim Fakültesi,51,Rehberlik ve Psikolojik Danışmanlık,EA,2021,20,52,86,269,355,3,0,1,"336,12441",28.3,12.7,3.0,13.8,12.0,,,,17.0,4.5,,,,4.6,,40,3,6,10,6,3,4
2,Eğitim Fakültesi,51,Rehberlik ve Psikolojik Danışmanlık,EA,2022,15,57,93,282,375,8,5,7,"384,62513",29.2,20.0,4.0,14.2,18.8,,,,17.4,4.6,,,,4.8,,49,3,6,6,7,1,0
2,Eğitim Fakültesi,51,Rehberlik ve Psikolojik Danışmanlık,EA,2023,15,57,87,298,385,4,2,2,"385,29609",30.2,20.7,3.1,14.2,18.5,,,,17.7,3.5,,,,4.9,,54,1,5,6,3,0,3
2,Eğitim Fakültesi,53,Sınıf Öğretmenliği,EA,2021,13,49,65,210,275,1,2,2,"331,41204",25.9,12.4,2.8,14.1,12.0,,,,17.4,4.1,,,,5.2,,35,2,4,2,1,7,11
2,Eğitim Fakültesi,53,Sınıf Öğretmenliği,EA,2022,11,51,65,228,293,1,0,2,"385,64321",28.1,19.9,3.8,14.2,19.9,,,,17.2,4.2,,,,4.4,,36,0,1,6,4,7,8
2,Eğitim Fakültesi,53,Sınıf Öğretmenliği,EA,2023,18,44,66,221,287,2,2,2,"385,68066",29.5,19.7,2.9,13.8,18.8,,,,18.0,3.5,,,,5.4,,40,0,1,5,1,10,5
2,Eğitim Fakültesi,55,Sosyal Bilgiler Öğretmenliği,SÖZ,2021,18,34,86,163,249,3,2,1,"340,32209",25.5,3.5,1.2,13.8,,,,,15.8,4.5,7.8,3.7,6.6,5.4,4.6,43,0,2,4,2,1,0
2,Eğitim Fakültesi,55,Sosyal Bilgiler Öğretmenliği,SÖZ,2022,25,27,95,165,260,3,2,1,"384,55109",27.4,8.1,2.0,14.4,,,,,15.7,4.7,8.5,4.1,6.8,5.5,7.6,41,1,2,3,1,3,1
2,Eğitim Fakültesi,55,Sosyal Bilgiler Öğretmenliği,SÖZ,2023,23,29,99,150,249,5,2,1,"385,85695",27.8,7.7,1.1,14.7,,,,,16.3,3.6,6.9,4.4,6.2,6.2,8.6,46,0,0,2,1,2,1
2,Eğitim Fakültesi,58,Türkçe Öğretmenliği,SÖZ,2021,27,35,104,168,272,3,2,3,"371,84068",28.5,4.7,2.1,15.7,,,,,18.4,4.8,8.9,4.2,7.4,6.2,6.6,45,1,2,7,4,0,3
2,Eğitim Fakültesi,58,Türkçe Öğretmenliği,SÖZ,2022,21,41,118,183,301,3,5,0,"410,98162",30.7,7.7,1.6,15.8,,,,,18.9,5.0,9.3,4.8,7.5,5.7,8.4,47,0,4,4,3,2,2
2,Eğitim Fakültesi,58,Türkçe Öğretmenliği,SÖZ,2023,25,37,119,184,303,4,3,4,"414,54799",31.2,8.8,1.9,15.6,,,,,19.1,4.1,7.4,4.9,7.6,6.9,8.8,48,3,1,3,2,2,3
3,Fen-Edebiyat Fakültesi,12,Fizik,SAY,2021,48,34,306,182,488,17,13,8,"271,41914",23.8,11.8,8.5,10.1,10.4,3.5,4.8,6.3,,,,,,,,58,9,3,6,1,3,1
3,Fen-Edebiyat Fakültesi,12,Fizik,SAY,2022,42,40,272,185,457,19,10,9,"343,06152",26.3,24.3,11.3,10.4,22.2,5.4,5.7,5.2,,,,,,,,66,0,1,3,2,6,3
3,Fen-Edebiyat Fakültesi,12,Fizik,SAY,2023,45,37,278,188,466,25,13,9,"375,23418",28.4,23.1,13.6,12.2,21.8,9.2,6.7,6.1,,,,,,,,59,9,5,1,6,0,2
3,Fen-Edebiyat Fakültesi,14,Fransızca Mütercim ve Tercümanlık,DİL,2021,21,31,14,37,51,2,2,1,"388,76072",28.0,5.6,3.1,11.3,,,,,,,,,,,,36,6,2,3,4,1,0
3,Fen-Edebiyat Fakültesi,14,Fransızca Mütercim ve Tercümanlık,DİL,2022,15,37,50,90,140,2,3,2,"433,33719",31.0,13.6,4.6,13.2,,,,,,,,,,,,41,4,1,0,2,3,1
3,Fen-Edebiyat Fakültesi,14,Fransızca Mütercim ve Tercümanlık,DİL,2023,11,43,46,123,169,1,3,5,"448,15957",31.1,16.6,6.3,13.8,,,,,,,,,,,,42,3,4,1,3,1,0
3,Fen-Edebiyat Fakültesi,26,İstatistik,SAY,2021,37,45,249,205,454,5,3,7,"310,74460",25.5,12.8,11.2,11.1,14.3,3.7,7.6,8.4,,,,,,,,59,3,8,8,2,1,1
3,Fen-Edebiyat Fakültesi,26,İstatistik,SAY,2022,42,40,278,212,490,5,4,5,"406,24208",28.9,27.9,12.4,12.2,29.7,6.0,8.3,6.6,,,,,,,,55,8,10,5,2,1,1
3,Fen-Edebiyat Fakültesi,26,İstatistik,SAY,2023,58,25,311,215,526,5,6,4,"439,59054",29.9,29.5,15.2,13.4,28.8,11.2,9.3,7.9,,,,,,,,60,3,7,5,5,2,1
3,Fen-Edebiyat Fakültesi,29,Kimya,SAY,2021,23,80,144,495,639,28,12,5,"310,79958",25.8,12.6,11.3,10.9,12.9,3.2,8.6,8.6,,,,,,,,93,5,2,1,2,0,0
3,Fen-Edebiyat Fakültesi,29,Kimya,SAY,2022,22,81,131,485,616,32,10,3,"391,70909",28.6,24.3,12.1,12.0,25.5,5.4,8.0,6.7,,,,,,,,89,3,3,6,0,0,2
3,Fen-Edebiyat Fakültesi,29,Kimya,SAY,2023,21,82,125,469,594,40,9,8,"414,37146",30.1,25.3,14.4,12.7,23.9,9.4,8.5,7.5,,,,,,,,84,5,6,2,4,1,1
3,Fen-Edebiyat Fakültesi,30,Kimya (İngilizce),SAY,2021,15,37,69,149,218,28,12,5,"343,29233",26.9,15.7,12.9,12.0,17.1,3.8,9.4,9.6,,,,,,,,37,3,5,2,3,1,1
3,Fen-Edebiyat Fakültesi,30,Kimya (İngilizce),SAY,2022,13,39,81,181,262,32,10,3,"420,75938",30.1,27.7,13.5,12.5,29.6,6.9,9.1,7.5,,,,,,,,38,3,5,2,3,0,1
3,Fen-Edebiyat Fakültesi,30,Kimya (İngilizce),SAY,2023,12,40,79,207,286,40,9,8,"434,60637",30.4,28.9,14.3,13.3,26.8,10.4,9.3,8.4,,,,,,,,38,3,6,1,1,2,1
3,Fen-Edebiyat Fakültesi,38,Matematik,SAY,2021,48,34,190,235,425,11,10,18,"342,29089",25.7,16.8,11.8,11.5,18.9,4.2,8.8,8.9,,,,,,,,56,7,4,7,3,1,4
3,Fen-Edebiyat Fakültesi,38,Matematik,SAY,2022,49,33,232,193,425,11,10,14,"419,60663",29.1,29.9,13.3,12.5,32.7,6.9,7.9,6.5,,,,,,,,57,3,10,6,5,0,1
3,Fen-Edebiyat Fakültesi,38,Matematik,SAY,2023,47,35,254,198,452,17,8,11,"436,81543",29.9,30.3,14.9,12.7,30.6,10.3,8.6,7.2,,,,,,,,57,4,8,3,5,4,1
3,Fen-Edebiyat Fakültesi,49,Moleküler Biyoloji ve Genetik,SAY,2021,17,65,124,254,378,5,3,5,"380,79571",29.9,17.9,14.3,13.2,20.4,5.4,10.0,11.0,,,,,,,,33,9,11,12,9,5,3
3,Fen-Edebiyat Fakültesi,49,Moleküler Biyoloji ve Genetik,SAY,2022,21,61,130,326,456,7,2,5,"450,03917",30.3,31.4,14.5,13.4,33.2,7.7,9.2,9.0,,,,,,,,38,11,14,8,6,2,3
3,Fen-Edebiyat Fakültesi,49,Moleküler Biyoloji ve Genetik,SAY,2023,32,51,135,323,458,7,6,3,"451,55708",31.4,29.4,16.3,14.0,28.8,11.2,9.1,8.8,,,,,,,,47,10,7,5,7,4,3
3,Fen-Edebiyat Fakültesi,57,Türk Dili ve Edebiyatı,SÖZ,2021,17,55,75,230,305,4,1,6,"323,21204",25.6,3.6,1.3,13.1,,,,,15.5,4.0,7.1,3.1,6.0,4.2,3.4,59,4,3,3,1,1,1
3,Fen-Edebiyat Fakültesi,57,Türk Dili ve Edebiyatı,SÖZ,2022,15,57,80,235,315,5,2,6,"375,58650",27.8,6.1,1.6,13.9,,,,,16.4,4.4,8.3,3.9,5.9,4.9,6.3,62,1,2,3,4,0,0
3,Fen-Edebiyat Fakültesi,57,Türk Dili ve Edebiyatı,SÖZ,2023,18,56,84,255,339,4,3,9,"378,20479",28.6,7.7,0.9,14.1,,,,,15.6,3.3,6.2,4.2,6.7,5.2,7.9,64,3,2,3,2,0,0
4,Gemi İnşaatı ve Denizcilik Fakültesi,15,Gemi İnşaatı ve Gemi Makineleri Mühendisliği,SAY,2021,69,13,546,52,598,10,3,9,"384,24844",27.2,18.2,14.0,13.6,21.6,6.8,10.0,10.8,,,,,,,,39,4,23,5,7,3,1
4,Gemi İnşaatı ve Denizcilik Fakültesi,15,Gemi İnşaatı ve Gemi Makineleri Mühendisliği,SAY,2022,73,9,554,68,622,11,3,7,"456,77282",29.8,31.6,14.8,13.9,34.3,9.2,9.5,8.6,,,,,,,,43,6,13,8,6,3,3
4,Gemi İnşaatı ve Denizcilik Fakültesi,15,Gemi İnşaatı ve Gemi Makineleri Mühendisliği,SAY,2023,68,14,523,72,595,10,7,5,"470,53124",30.6,32.4,16.6,13.9,32.7,12.2,10.1,9.1,,,,,,,,52,10,5,6,4,1,4
4,Gemi İnşaatı ve Denizcilik Fakültesi,16,Gemi Makineleri İşletme Mühendisliği,SAY,2021,60,12,434,19,453,4,4,9,"351,49049",26.2,15.6,12.9,11.8,17.3,5.3,9.4,9.5,,,,,,,,37,9,12,3,5,3,3
4,Gemi İnşaatı ve Denizcilik Fakültesi,16,Gemi Makineleri İşletme Mühendisliği,SAY,2022,61,11,471,34,505,4,6,7,"429,97242",28.0,29.2,13.4,12.6,30.8,8.0,8.7,7.6,,,,,,,,28,8,19,7,7,1,2
4,Gemi İnşaatı ve Denizcilik Fakültesi,16,Gemi Makineleri İşletme Mühendisliği,SAY,2023,62,10,416,39,455,5,6,6,"445,32388",29.3,28.8,15.3,13.5,29.3,11.1,9.4,7.9,,,,,,,,34,11,8,8,5,1,5
5,Kimya-Metalurji Fakültesi,4,Biyomühendislik,SAY,2021,18,54,84,319,403,6,2,5,"351,38010",27.6,15.7,13.0,12.0,16.0,4.4,9.5,10.3,,,,,,,,52,5,5,1,6,0,3
5,Kimya-Metalurji Fakültesi,4,Biyomühendislik,SAY,2022,14,58,109,367,476,6,5,5,"425,81540",29.5,27.1,13.3,12.4,29.3,7.2,8.9,7.9,,,,,,,,50,4,5,8,4,0,1
5,Kimya-Metalurji Fakültesi,4,Biyomühendislik,SAY,2023,18,54,106,341,447,11,7,2,"437,60445",30.6,27.1,15.0,12.9,27.9,10.6,8.8,7.8,,,,,,,,51,3,3,4,6,4,1
5,Kimya-Metalurji Fakültesi,5,Biyomühendislik (İngilizce),SAY,2021,10,52,111,307,418,6,2,5,"364,66632",28.9,16.6,13.8,13.2,18.1,4.9,9.7,10.4,,,,,,,,37,9,4,2,10,0,0
5,Kimya-Metalurji Fakültesi,5,Biyomühendislik (İngilizce),SAY,2022,12,50,118,350,468,6,5,5,"438,49980",31.3,29.9,14.1,13.5,30.8,7.3,9.0,8.4,,,,,,,,39,5,6,6,3,2,1
5,Kimya-Metalurji Fakültesi,5,Biyomühendislik (İngilizce),SAY,2023,14,48,113,333,446,11,7,2,"448,85903",31.4,28.9,15.7,13.8,28.9,10.6,9.7,8.5,,,,,,,,46,5,5,2,4,0,0
5,Kimya-Metalurji Fakültesi,17,Gıda Mühendisliği,SAY,2021,18,54,63,323,386,4,4,3,"332,56982",27.2,15.2,11.9,11.5,15.7,3.5,8.6,9.0,,,,,,,,53,8,2,4,3,2,0
5,Kimya-Metalurji Fakültesi,17,Gıda Mühendisliği,SAY,2022,12,60,73,338,411,3,6,2,"406,61907",29.9,26.0,12.0,12.1,27.3,5.9,8.3,7.2,,,,,,,,54,1,4,5,7,0,1
5,Kimya-Metalurji Fakültesi,17,Gıda Mühendisliği,SAY,2023,12,60,79,331,410,5,4,3,"420,75616",30.2,26.2,14.3,12.3,26.1,9.4,8.7,7.3,,,,,,,,62,3,3,2,1,1,0
5,Kimya-Metalurji Fakültesi,31,Kimya Mühendisliği,SAY,2021,23,59,147,377,524,7,8,12,"384,72075",28.9,17.5,14.6,12.9,20.6,5.9,10.4,10.7,,,,,,,,62,5,4,6,3,1,1
5,Kimya-Metalurji Fakültesi,31,Kimya Mühendisliği,SAY,2022,27,55,156,398,554,8,9,10,"458,24052",30.5,31.3,14.3,13.7,34.0,8.7,10.2,8.6,,,,,,,,65,4,5,3,3,1,1
5,Kimya-Metalurji Fakültesi,31,Kimya Mühendisliği,SAY,2023,32,50,157,367,524,12,8,7,"469,35381",31.6,31.7,16.3,14.2,31.9,11.8,10.4,8.7,,,,,,,,64,8,3,5,0,1,1
5,Kimya-Metalurji Fakültesi,32,Kimya Mühendisliği (İngilizce),SAY,2021,23,49,143,277,420,7,8,12,"396,43280",29.1,19.2,14.3,13.6,22.1,6.3,10.4,11.0,,,,,,,,44,12,7,5,3,1,0
5,Kimya-Metalurji Fakültesi,32,Kimya Mühendisliği (İngilizce),SAY,2022,30,42,176,304,480,8,9,10,"471,42170",31.1,33.4,14.4,14.5,35.3,9.2,10.3,9.6,,,,,,,,54,6,7,1,4,0,0
5,Kimya-Metalurji Fakültesi,32,Kimya Mühendisliği (İngilizce),SAY,2023,28,44,176,311,487,12,8,7,"484,45434",32.3,32.6,17.1,14.5,33.5,12.4,10.9,9.5,,,,,,,,55,6,5,4,2,0,0
5,Kimya-Metalurji Fakültesi,39,Matematik Mühendisliği,SAY,2021,53,50,364,347,711,11,5,10,"400,43601",28.6,19.5,14.4,13.0,23.8,6.6,10.2,10.6,,,,,,,,71,4,8,9,7,3,1
5,Kimya-Metalurji Fakültesi,39,Matematik Mühendisliği,SAY,2022,58,45,367,302,669,12,5,9,"482,20758",31.7,35.1,15.4,14.6,37.3,10.0,10.1,9.4,,,,,,,,76,8,9,4,5,1,0
5,Kimya-Metalurji Fakültesi,39,Matematik Mühendisliği,SAY,2023,75,28,402,274,676,14,5,10,"503,50772",32.7,35.3,17.8,15.0,36.5,12.9,11.5,10.1,,,,,,,,68,13,9,6,4,1,2
5,Kimya-Metalurji Fakültesi,40,Matematik Mühendisliği (İngilizce),SAY,2021,48,24,205,197,402,11,5,10,"411,22322",28.6,21.1,14.8,14.2,25.1,7.6,10.3,11.1,,,,,,,,42,8,9,7,2,3,1
5,Kimya-Metalurji Fakültesi,40,Matematik Mühendisliği (İngilizce),SAY,2022,49,23,272,186,458,12,5,9,"496,81636",32.0,36.6,16.2,15.4,38.4,10.6,10.8,10.2,,,,,,,,47,10,6,5,1,1,2
5,Kimya-Metalurji Fakültesi,40,Matematik Mühendisliği (İngilizce),SAY,2023,51,21,306,175,481,14,5,10,"511,62595",33.7,36.3,18.1,15.0,37.3,13.0,11.7,10.6,,,,,,,,44,4,10,3,6,2,3
5,Kimya-Metalurji Fakültesi,41,Matematik Mühendisliği (KKTC Uyruklu),SAY,2021,0,0,0,0,0,0,0,0,0.0,0.0,0.0,0.0,0.0,0.0,0.0,0.0,0.0,,,,,,,,0,0,0,0,0,0,0
5,Kimya-Metalurji Fakültesi,41,Matematik Mühendisliği (KKTC Uyruklu),SAY,2022,1,0,0,0,0,0,0,0,"459,85927",30.3,28.3,11.8,10.8,35.3,9.3,9.3,9.3,,,,,,,,0,0,0,0,0,0,0
5,Kimya-Metalurji Fakültesi,41,Matematik Mühendisliği (KKTC Uyruklu),SAY,2023,0,1,0,0,0,14,5,10,"413,63903",26.3,22.5,12.3,8.5,27.5,10.5,8.3,4.5,,,,,,,,0,0,0,0,0,0,0
5,Kimya-Metalurji Fakültesi,45,Metalurji ve Malzeme Mühendisliği,SAY,2021,45,58,487,220,707,14,6,10,"367,43441",28.1,16.8,13.5,13.0,19.1,5.0,9.9,10.4,,,,,,,,64,6,6,13,10,3,1
5,Kimya-Metalurji Fakültesi,45,Metalurji ve Malzeme Mühendisliği,SAY,2022,54,49,416,263,679,10,9,8,"443,09405",29.9,30.6,13.7,13.2,32.5,8.2,9.3,8.0,,,,,,,,66,8,7,10,8,1,3
5,Kimya-Metalurji Fakültesi,45,Metalurji ve Malzeme Mühendisliği,SAY,2023,56,47,380,249,629,10,10,8,"454,55267",30.6,31.2,15.6,13.5,31.0,11.0,9.5,7.7,,,,,,,,60,13,7,8,10,3,2
5,Kimya-Metalurji Fakültesi,46,Metalurji ve Malzeme Mühendisliği (İngilizce),SAY,2021,30,22,203,124,327,14,6,10,"385,42349",28.0,18.1,14.3,13.9,21.1,5.9,10.2,11.0,,,,,,,,32,3,3,6,4,0,4
5,Kimya-Metalurji Fakültesi,46,Metalurji ve Malzeme Mühendisliği (İngilizce),SAY,2022,33,19,209,129,338,10,9,8,"460,54471",30.2,32.9,14.3,13.6,34.7,9.1,9.4,9.3,,,,,,,,30,5,7,4,4,1,1
5,Kimya-Metalurji Fakültesi,46,Metalurji ve Malzeme Mühendisliği (İngilizce),SAY,2023,30,22,205,127,332,10,10,8,"474,50789",31.3,33.1,16.5,14.5,32.9,11.8,10.9,9.2,,,,,,,,36,6,3,3,3,0,1
6,Makine Fakültesi,9,Endüstri Mühendisliği,SAY,2021,45,37,333,278,611,9,4,8,"426,70036",29.2,21.8,15.6,14.5,26.2,8.2,11.0,11.5,,,,,,,,52,11,6,6,5,1,1
6,Makine Fakültesi,9,Endüstri Mühendisliği,SAY,2022,44,38,357,286,643,10,5,8,"503,12503",33.1,36.4,16.3,15.3,38.2,10.9,10.8,10.9,,,,,,,,44,13,9,8,5,2,1
6,Makine Fakültesi,9,Endüstri Mühendisliği,SAY,2023,41,41,334,270,604,10,4,8,"512,32237",33.3,36.1,18.1,15.3,36.9,12.9,11.8,10.5,,,,,,,,40,16,6,7,9,2,2
6,Makine Fakültesi,10,Endüstri Mühendisliği (İngilizce),SAY,2021,29,23,224,160,384,9,4,8,"439,38869",29.8,23.4,15.8,15.2,28.0,8.6,11.0,12.0,,,,,,,,30,4,6,5,3,2,2
6,Makine Fakültesi,10,Endüstri Mühendisliği (İngilizce),SAY,2022,28,24,268,199,467,10,5,8,"510,95328",33.9,37.1,16.6,15.9,38.6,11.4,11.1,11.1,,,,,,,,19,4,14,6,6,0,2
6,Makine Fakültesi,10,Endüstri Mühendisliği (İngilizce),SAY,2023,26,26,265,203,468,10,4,8,"519,59063",33.2,36.5,18.7,16.0,37.5,13.0,12.3,11.0,,,,,,,,25,13,3,5,5,0,1
6,Makine Fakültesi,37,Makine Mühendisliği,SAY,2021,194,22,1546,122,1668,23,14,26,"403,56465",27.5,19.9,15.0,13.6,24.0,7.9,10.4,11.0,,,,,,,,112,18,33,17,22,8,6
6,Makine Fakültesi,37,Makine Mühendisliği,SAY,2022,178,38,1429,150,1579,25,18,17,"476,33972",31.0,34.1,15.4,14.2,36.1,10.2,10.1,9.5,,,,,,,,118,25,19,23,20,6,5
6,Makine Fakültesi,37,Makine Mühendisliği,SAY,2023,180,36,1277,165,1442,28,21,16,"487,86232",31.9,34.0,17.5,14.8,34.4,12.6,10.9,9.6,,,,,,,,141,17,16,16,15,3,8
6,Makine Fakültesi,42,Mekatronik Mühendisliği,SAY,2021,49,13,378,75,453,4,3,6,"407,87074",28.0,19.2,15.0,13.2,23.7,8.3,10.8,11.2,,,,,,,,40,6,5,4,5,2,0
6,Makine Fakültesi,42,Mekatronik Mühendisliği,SAY,2022,48,14,421,91,512,4,5,7,"483,50170",30.9,34.8,15.3,14.7,36.6,10.4,10.1,9.7,,,,,,,,36,7,5,6,6,2,0
6,Makine Fakültesi,42,Mekatronik Mühendisliği,SAY,2023,44,18,398,85,483,7,4,7,"495,72087",32.6,33.9,17.5,14.9,34.5,12.7,11.4,9.9,,,,,,,,39,4,5,7,5,0,2
6,Makine Fakültesi,43,Mekatronik Mühendisliği (İngilizce),SAY,2021,37,15,332,58,390,4,3,6,"420,44845",29.1,20.8,14.7,14.1,25.9,8.3,10.6,10.9,,,,,,,,20,6,11,7,4,3,1
6,Makine Fakültesi,43,Mekatronik Mühendisliği (İngilizce),SAY,2022,45,7,390,73,463,7,4,7,"494,71871",31.4,35.7,16.5,14.7,37.6,11.1,10.6,10.1,,,,,,,,32,5,7,3,4,1,0
6,Makine Fakültesi,43,Mekatronik Mühendisliği (İngilizce),SAY,2023,37,15,379,80,459,7,4,7,"502,65361",32.3,35.2,17.7,15.7,35.5,12.8,11.5,10.3,,,,,,,,24,3,8,10,5,1,1
6,Makine Fakültesi,44,Mekatronik Mühendisliği (İngilizce) (KKTC Uyruklu),SAY,2021,0,0,0,0,0,0,0,0,0.0,0.0,0.0,0.0,0.0,0.0,0.0,0.0,0.0,,,,,,,,0,0,0,0,0,0,0
6,Makine Fakültesi,44,Mekatronik Mühendisliği (İngilizce) (KKTC Uyruklu),SAY,2022,1,0,8,0,8,0,0,0,"425,92744",28.8,34.5,12.5,15.0,27.0,9.0,5.8,4.5,,,,,,,,0,0,0,0,0,0,0
6,Makine Fakültesi,44,Mekatronik Mühendisliği (İngilizce) (KKTC Uyruklu),SAY,2023,2,0,3,0,3,7,4,7,"352,23620",21.9,22.5,7.6,6.5,24.4,7.3,3.8,5.1,,,,,,,,0,0,0,0,0,0,0
7,Mimarlık Fakültesi,35,Kültür Varlıklarını Koruma ve Onarım,EA,2021,14,27,40,58,98,0,1,3,"255,91590",25.8,7.5,2.0,11.1,3.0,,,,12.7,4.0,,,,2.9,,37,1,0,1,0,1,1
7,Mimarlık Fakültesi,35,Kültür Varlıklarını Koruma ve Onarım,EA,2022,22,19,76,104,180,0,1,3,"316,81760",26.4,15.4,3.1,11.2,7.6,,,,12.0,4.8,,,,4.2,,33,1,1,2,1,3,0
7,Mimarlık Fakültesi,35,Kültür Varlıklarını Koruma ve Onarım,EA,2023,17,25,88,130,218,1,2,2,"320,68287",27.4,16.0,3.4,11.4,11.3,,,,11.0,2.3,,,,3.8,,30,1,0,2,2,6,1
7,Mimarlık Fakültesi,36,Kültür Varlıklarını Koruma ve Onarım (KKTC Uyruklu),EA,2023,0,0,0,0,0,1,2,2,0.0,0.0,0.0,0.0,0.0,0.0,,,,0.0,0.0,,,,0.0,,0,0,0,0,0,0,0
7,Mimarlık Fakültesi,47,Mimarlık,SAY,2021,38,96,465,645,1110,15,21,23,"382,28501",27.7,18.3,14.1,12.3,21.5,5.6,10.0,10.6,,,,,,,,51,14,13,26,14,7,9
7,Mimarlık Fakültesi,47,Mimarlık,SAY,2022,34,100,422,733,1155,13,22,21,"441,45306",29.9,31.0,13.9,13.1,32.7,7.7,9.1,8.1,,,,,,,,62,21,17,8,10,8,8
7,Mimarlık Fakültesi,47,Mimarlık,SAY,2023,36,98,341,684,1025,16,22,16,"444,32134",30.3,29.1,15.0,13.3,29.5,10.6,9.2,7.7,,,,,,,,66,21,13,14,11,5,4
7,Mimarlık Fakültesi,48,Mimarlık (İngilizce),SAY,2021,21,51,162,262,424,15,21,23,"396,07043",28.9,19.5,14.4,12.9,22.3,6.5,9.9,10.6,,,,,,,,37,9,2,6,16,1,1
7,Mimarlık Fakültesi,48,Mimarlık (İngilizce),SAY,2022,13,59,190,357,547,13,22,21,"460,67200",31.1,32.3,14.5,13.9,33.8,8.4,9.4,9.2,,,,,,,,31,13,6,8,10,3,1
7,Mimarlık Fakültesi,48,Mimarlık (İngilizce),SAY,2023,26,46,180,371,551,16,22,16,"459,61599",31.3,30.7,15.5,13.7,31.2,11.2,9.7,8.1,,,,,,,,28,11,10,7,11,1,4
7,Mimarlık Fakültesi,56,Şehir ve Bölge Planlama,SAY,2021,18,64,117,267,384,7,12,8,"273,88699",24.2,10.9,8.0,9.7,9.9,1.9,5.6,6.8,,,,,,,,58,3,3,5,5,4,4
7,Mimarlık Fakültesi,56,Şehir ve Bölge Planlama,SAY,2022,26,56,124,307,431,7,12,9,"332,94626",26.4,20.0,9.7,9.7,18.6,3.9,4.8,4.4,,,,,,,,63,2,5,4,5,1,1
7,Mimarlık Fakültesi,56,Şehir ve Bölge Planlama,SAY,2023,35,47,137,308,445,7,9,8,"352,86449",27.9,20.6,10.5,11.7,18.4,6.9,4.9,5.1,,,,,,,,65,1,3,4,5,2,2
8,Sanat ve Tasarım Fakültesi,13,Fotoğraf ve Video,SÖZ,2021,13,28,95,85,180,2,6,7,"317,91073",27.0,5.7,1.4,13.5,,,,,13.8,4.5,7.5,3.0,6.9,3.5,3.1,26,5,4,1,2,2,0
8,Sanat ve Tasarım Fakültesi,13,Fotoğraf ve Video,SÖZ,2022,16,25,107,135,242,6,4,9,"374,47269",29.6,10.0,1.3,12.7,,,,,14.7,5.2,8.3,3.9,6.8,4.6,6.2,29,2,1,5,3,0,1
8,Sanat ve Tasarım Fakültesi,13,Fotoğraf ve Video,SÖZ,2023,15,27,114,149,263,6,10,7,"375,54952",29.5,10.1,2.3,15.2,,,,,14.2,3.1,6.4,4.3,6.9,5.0,7.6,32,0,4,3,1,2,0
8,Sanat ve Tasarım Fakültesi,21,İletişim ve Tasarımı,SÖZ,2021,22,40,27,39,66,0,0,2,"368,59681",28.2,6.0,2.6,14.9,,,,,17.5,4.8,8.7,3.8,7.0,5.6,5.5,44,6,3,6,2,1,0
8,Sanat ve Tasarım Fakültesi,21,İletişim ve Tasarımı,SÖZ,2022,22,40,82,153,235,0,1,2,"418,17482",30.5,13.7,2.1,15.7,,,,,17.8,5.2,9.2,4.7,8.1,5.8,7.8,45,2,5,3,4,2,1
8,Sanat ve Tasarım Fakültesi,21,İletişim ve Tasarımı,SÖZ,2023,17,47,105,218,323,1,1,2,"420,80734",31.4,12.7,2.9,15.5,,,,,18.3,4.1,7.1,4.8,8.0,6.4,8.7,47,5,3,6,2,0,1
8,Sanat ve Tasarım Fakültesi,52,Sanat ve Kültür Yönetimi,SÖZ,2021,22,40,26,36,62,2,6,7,"306,95984",25.5,3.6,1.5,12.6,,,,,13.0,4.1,7.1,3.0,6.4,3.4,2.9,49,1,2,3,4,1,2
8,Sanat ve Tasarım Fakültesi,52,Sanat ve Kültür Yönetimi,SÖZ,2022,24,38,73,119,192,6,4,9,"363,77832",27.3,7.5,1.8,13.1,,,,,14.0,4.8,8.2,4.1,6.7,4.2,5.4,49,1,2,4,4,0,2
8,Sanat ve Tasarım Fakültesi,52,Sanat ve Kültür Yönetimi,SÖZ,2023,29,35,107,155,262,6,10,7,"364,44450",27.9,10.6,1.6,13.3,,,,,12.3,2.7,6.5,3.8,7.2,4.8,7.4,55,1,3,2,0,0,3
9,İktisadi ve İdari Bilimler Fakültesi,19,İktisat,EA,2023,54,52,54,52,106,14,3,8,"381,23125",29.2,21.3,4.4,13.5,18.7,,,,16.3,3.3,,,,4.9,,78,7,3,9,3,3,3
9,İktisadi ve İdari Bilimler Fakültesi,20,İktisat (İngilizce),EA,2021,31,21,170,110,280,11,3,10,"353,46014",28.7,13.5,5.4,14.2,15.4,,,,17.2,4.7,,,,4.9,,29,6,8,5,2,1,1
9,İktisadi ve İdari Bilimler Fakültesi,20,İktisat (İngilizce),EA,2022,34,18,216,127,343,0,0,0,"422,68794",29.8,25.5,7.7,14.5,27.4,,,,16.7,4.8,,,,5.0,,29,6,6,4,5,1,1
9,İktisadi ve İdari Bilimler Fakültesi,20,İktisat (İngilizce),EA,2023,34,18,222,134,356,14,3,8,"435,35202",31.6,28.2,9.0,15.1,27.5,,,,18.2,3.6,,,,6.1,,26,7,5,5,6,1,2
9,İktisadi ve İdari Bilimler Fakültesi,27,İşletme,EA,2021,42,51,279,245,524,12,11,12,"317,34775",27.0,12.2,2.9,13.2,10.0,,,,15.9,4.0,,,,3.7,,53,8,7,8,8,5,4
9,İktisadi ve İdari Bilimler Fakültesi,27,İşletme,EA,2022,49,44,307,242,549,15,8,12,"386,94577",28.9,21.0,5.4,13.4,19.7,,,,16.0,4.7,,,,4.8,,60,9,5,6,10,3,0
9,İktisadi ve İdari Bilimler Fakültesi,27,İşletme,EA,2023,35,61,296,260,556,19,6,13,"395,91782",30.6,22.3,6.0,14.3,20.3,,,,17.5,3.1,,,,5.0,,74,6,6,6,3,0,1
9,İktisadi ve İdari Bilimler Fakültesi,28,İşletme (İngilizce),EA,2021,25,27,104,69,173,12,11,12,"350,75266",28.1,13.7,4.9,14.6,14.6,,,,17.0,4.5,,,,4.4,,32,8,3,3,2,1,3
9,İktisadi ve İdari Bilimler Fakültesi,28,İşletme (İngilizce),EA,2022,27,25,181,143,324,15,8,12,"421,56486",30.4,27.3,7.9,14.1,27.2,,,,15.2,4.9,,,,4.9,,32,5,6,3,2,3,1
9,İktisadi ve İdari Bilimler Fakültesi,28,İşletme (İngilizce),EA,2023,29,23,208,171,379,19,6,13,"431,79331",32.1,25.2,9.0,15.4,24.8,,,,18.9,3.8,,,,5.8,,26,4,7,6,8,1,0
9,İktisadi ve İdari Bilimler Fakültesi,54,Siyaset Bilimi ve Uluslararası İlişkiler,EA,2021,34,48,212,292,504,6,2,3,"302,35253",26.9,8.9,2.3,14.2,6.4,,,,16.1,4.3,,,,4.2,,49,8,8,6,7,1,3
9,İktisadi ve İdari Bilimler Fakültesi,54,Siyaset Bilimi ve Uluslararası İlişkiler,EA,2022,34,48,196,302,498,5,4,1,"364,90424",28.8,18.3,4.0,13.8,14.1,,,,15.8,4.4,,,,4.9,,58,5,2,7,6,1,3
9,İktisadi ve İdari Bilimler Fakültesi,54,Siyaset Bilimi ve Uluslararası İlişkiler,EA,2023,29,55,188,299,487,5,5,1,"371,95592",29.6,17.7,3.2,14.4,14.6,,,,16.9,3.7,,,,5.0,,58,6,4,6,7,0,3
10,İnşaat Fakültesi,6,Çevre Mühendisliği,SAY,2021,15,57,178,283,461,14,7,4,"315,97147",27.0,13.1,10.3,11.3,13.5,2.9,8.1,9.0,,,,,,,,52,6,1,6,4,3,0
10,İnşaat Fakültesi,6,Çevre Mühendisliği,SAY,2022,26,46,168,306,474,16,8,3,"390,09546",29.3,25.2,11.8,11.7,26.3,5.5,7.5,6.0,,,,,,,,59,0,2,6,3,0,2
10,İnşaat Fakültesi,6,Çevre Mühendisliği,SAY,2023,20,52,150,293,443,16,10,4,"405,55598",29.9,24.7,13.9,13.3,23.4,8.6,7.7,7.0,,,,,,,,56,1,4,3,5,1,2
10,İnşaat Fakültesi,18,Harita Mühendisliği,SAY,2021,63,30,434,199,633,12,7,10,"284,89579",23.5,11.2,9.5,9.5,11.4,3.0,6.4,7.3,,,,,,,,61,8,9,3,4,5,3
10,İnşaat Fakültesi,18,Harita Mühendisliği,SAY,2022,48,45,380,208,588,16,5,9,"348,89619",26.7,22.3,10.6,11.5,20.2,4.2,5.2,4.3,,,,,,,,63,7,7,7,4,5,0
10,İnşaat Fakültesi,18,Harita Mühendisliği,SAY,2023,54,39,345,201,546,17,7,8,"369,02434",26.9,22.9,11.0,11.5,20.4,7.4,5.8,5.7,,,,,,,,74,6,2,6,2,2,1
10,İnşaat Fakültesi,24,İnşaat Mühendisliği,SAY,2021,116,18,899,125,1024,15,17,23,"340,19986",25.1,16.1,11.8,11.7,17.4,4.6,8.5,8.7,,,,,,,,69,8,10,11,17,10,9
10,İnşaat Fakültesi,24,İnşaat Mühendisliği,SAY,2022,106,28,801,150,951,19,16,21,"409,17894",27.5,27.8,12.4,12.1,29.4,6.7,7.9,6.7,,,,,,,,83,7,9,9,4,10,12
10,İnşaat Fakültesi,24,İnşaat Mühendisliği,SAY,2023,108,26,724,141,865,26,14,23,"421,41921",28.9,27.7,14.2,12.8,26.5,10.2,8.0,7.1,,,,,,,,87,12,8,12,5,8,2
10,İnşaat Fakültesi,25,İnşaat Mühendisliği (İngilizce),SAY,2021,54,8,324,32,356,15,17,23,"359,61889",26.2,16.3,12.6,12.8,18.7,5.3,9.3,9.4,,,,,,,,26,6,5,9,4,8,4
10,İnşaat Fakültesi,25,İnşaat Mühendisliği (İngilizce),SAY,2022,52,10,356,45,401,19,16,21,"430,37237",29.1,29.8,13.2,12.8,31.1,7.3,8.2,7.7,,,,,,,,28,4,6,9,5,3,7
10,İnşaat Fakültesi,25,İnşaat Mühendisliği (İngilizce),SAY,2023,50,12,348,58,406,26,14,23,"443,14316",30.3,28.3,14.7,13.3,29.0,10.8,8.7,8.2,,,,,,,,35,4,6,2,6,5,4
