faculty_id,faculty_name,department_id,department_name,department_type,year,male,female,total_male_number,total_female_number,total_student_number,avg_professors,avg_assoc_prof,avg_phd,avg_base_point,total_leaving,total_incoming,avg_success_order,total_quota,total_preferred
1,Elektrik-Elektronik Fakültesi,1,Bilgisayar Mühendisliği,SAY,2021,85,18,769,121,890,5.0,5.0,10.0,459.0,10,3,8.476,103,3.542
1,Elektrik-Elektronik Fakültesi,1,Bilgisayar Mühendisliği,SAY,2022,88,15,827,140,967,7.0,5.0,10.0,524.0,4,6,5.056,103,4.594
1,Elektrik-Elektronik Fakültesi,1,Bilgisayar Mühendisliği,SAY,2023,96,17,771,128,899,8.0,4.0,8.0,527.0,20,11,5.039,113,2872
1,Elektrik-Elektronik Fakültesi,3,Biyomedikal Mühendisliği (İngilizce),SAY,2021,34,38,105,143,248,0.0,1.0,4.0,363.0,6,0,76.869,72,960
1,Elektrik-Elektronik Fakültesi,3,Biyomedikal Mühendisliği (İngilizce),SAY,2022,31,41,191,243,434,0.0,3.0,4.0,430.0,1,0,74.608,72,1.013
1,Elektrik-Elektronik Fakültesi,3,Biyomedikal Mühendisliği (İngilizce),SAY,2023,33,39,208,271,479,2.0,4.0,2.0,435.0,3,0,72.027,72,1032
1,Elektrik-Elektronik Fakültesi,7,Elektrik Mühendisliği,SAY,2021,109,25,835,112,947,7.0,6.0,18.0,390.0,11,0,51.756,134,1.166
1,Elektrik-Elektronik Fakültesi,7,Elektrik Mühendisliği,SAY,2022,108,26,758,132,890,8.0,7.0,18.0,462.0,4,1,46.178,134,1.641
1,Elektrik-Elektronik Fakültesi,7,Elektrik Mühendisliği,SAY,2023,108,26,720,137,857,9.0,16.0,14.0,477.0,14,2,34.345,134,1894
1,Elektrik-Elektronik Fakültesi,8,Elektronik ve Haberleşme Mühendisliği,SAY,2021,92,21,712,102,814,7.0,7.0,9.0,423.0,6,0,26.123,113,1.259
1,Elektrik-Elektronik Fakültesi,8,Elektronik ve Haberleşme Mühendisliği,SAY,2022,96,17,688,109,797,9.0,9.0,5.0,497.0,3,0,19.381,113,1.623
1,Elektrik-Elektronik Fakültesi,8,Elektronik ve Haberleşme Mühendisliği,SAY,2023,92,21,635,107,742,13.0,7.0,8.0,507.0,12,1,14.363,113,1913
1,Elektrik-Elektronik Fakültesi,33,Kontrol ve Otomasyon Mühendisliği,SAY,2021,48,24,414,60,474,1.0,3.0,6.0,402.0,6,0,41.341,72,861
1,Elektrik-Elektronik Fakültesi,33,Kontrol ve Otomasyon Mühendisliği,SAY,2022,62,10,450,79,529,2.0,2.0,6.0,478.0,0,0,32.598,72,1.207
1,Elektrik-Elektronik Fakültesi,33,Kontrol ve Otomasyon Mühendisliği,SAY,2023,54,18,417,88,505,2.0,5.0,7.0,495.0,4,0,21.387,72,1719
1,Elektrik-Elektronik Fakültesi,34,Kontrol ve Otomasyon Mühendisliği (İngilizce),SAY,2021,35,17,311,61,372,1.0,3.0,6.0,411.0,4,0,34.091,52,957
1,Elektrik-Elektronik Fakültesi,34,Kontrol ve Otomasyon Mühendisliği (İngilizce),SAY,2022,41,11,361,80,441,2.0,2.0,6.0,488.0,0,0,25.266,52,1.249
1,Elektrik-Elektronik Fakültesi,34,Kontrol ve Otomasyon Mühendisliği (İngilizce),SAY,2023,43,9,360,86,446,2.0,5.0,7.0,501.0,4,0,17.417,52,1669
2,Eğitim Fakültesi,2,Bilgisayar ve Öğretim Teknolojileri Öğretmenliği,SAY,2021,30,11,178,99,277,1.0,1.0,4.0,276.0,1,2,213.618,41,325
2,Eğitim Fakültesi,2,Bilgisayar ve Öğretim Teknolojileri Öğretmenliği,SAY,2022,29,12,186,88,274,1.0,0.0,3.0,347.0,2,3,180.953,41,525
2,Eğitim Fakültesi,2,Bilgisayar ve Öğretim Teknolojileri Öğretmenliği,SAY,2023,24,17,175,87,262,1.0,2.0,1.0,371.0,3,0,150.613,41,588
2,Eğitim Fakültesi,11,Fen Bilgisi Öğretmenliği,SAY,2021,17,45,50,210,260,5.0,1.0,3.0,300.0,0,0,163.366,62,729
2,Eğitim Fakültesi,11,Fen Bilgisi Öğretmenliği,SAY,2022,13,49,58,215,273,5.0,3.0,1.0,352.0,0,0,171.793,62,616
2,Eğitim Fakültesi,11,Fen Bilgisi Öğretmenliği,SAY,2023,12,50,65,211,276,6.0,2.0,0.0,361.0,3,0,167.688,62,661
2,Eğitim Fakültesi,22,İlköğretim Matematik Öğretmenliği,SAY,2021,14,48,92,225,317,1.0,1.0,3.0,373.0,1,0,67.138,62,1.394
2,Eğitim Fakültesi,22,İlköğretim Matematik Öğretmenliği,SAY,2022,15,47,96,248,344,1.0,3.0,1.0,437.0,0,2,68.151,62,1.097
2,Eğitim Fakültesi,22,İlköğretim Matematik Öğretmenliği,SAY,2023,15,47,86,232,318,1.0,3.0,1.0,428.0,0,1,78.355,62,712
2,Eğitim Fakültesi,23,İngilizce Öğretmenliği,DİL,2021,26,36,112,191,303,0.0,2.0,2.0,423.0,13,0,7.641,62,1.445
2,Eğitim Fakültesi,23,İngilizce Öğretmenliği,DİL,2022,20,42,119,202,321,1.0,1.0,2.0,457.0,2,1,8.075,62,1.822
2,Eğitim Fakültesi,23,İngilizce Öğretmenliği,DİL,2023,18,44,112,197,309,1.0,3.0,3.0,459.0,7,6,8.636,62,1376
2,Eğitim Fakültesi,50,Okul Öncesi Öğretmenliği,SÖZ,2021,4,58,43,258,301,0.0,2.0,1.0,369.0,0,0,12.129,62,1.108
2,Eğitim Fakültesi,50,Okul Öncesi Öğretmenliği,SÖZ,2022,10,52,48,280,328,1.0,1.0,1.0,415.0,0,0,12.247,62,1.526
2,Eğitim Fakültesi,50,Okul Öncesi Öğretmenliği,SÖZ,2023,9,53,45,257,302,1.0,3.0,1.0,416.0,1,0,10.407,62,996
2,Eğitim Fakültesi,51,Rehberlik ve Psikolojik Danışmanlık,EA,2021,20,52,86,269,355,3.0,0.0,1.0,336.0,2,0,69.183,72,1.214
2,Eğitim Fakültesi,51,Rehberlik ve Psikolojik Danışmanlık,EA,2022,15,57,93,282,375,8.0,5.0,7.0,384.0,0,1,87.337,72,1.205
2,Eğitim Fakültesi,51,Rehberlik ve Psikolojik Danışmanlık,EA,2023,15,57,87,298,385,4.0,2.0,2.0,385.0,1,1,70.958,72,1587
2,Eğitim Fakültesi,53,Sınıf Öğretmenliği,EA,2021,13,49,65,210,275,1.0,2.0,2.0,331.0,0,0,77.529,62,1.382
2,Eğitim Fakültesi,53,Sınıf Öğretmenliği,EA,2022,11,51,65,228,293,1.0,0.0,2.0,385.0,0,0,85.197,62,977
2,Eğitim Fakültesi,53,Sınıf Öğretmenliği,EA,2023,18,44,66,221,287,2.0,2.0,2.0,385.0,2,0,70.207,62,1210
2,Eğitim Fakültesi,55,Sosyal Bilgiler Öğretmenliği,SÖZ,2021,18,34,86,163,249,3.0,2.0,1.0,340.0,1,0,35.152,52,770
2,Eğitim Fakültesi,55,Sosyal Bilgiler Öğretmenliği,SÖZ,2022,25,27,95,165,260,3.0,2.0,1.0,384.0,1,0,39.6,52,723
2,Eğitim Fakültesi,55,Sosyal Bilgiler Öğretmenliği,SÖZ,2023,23,29,99,150,249,5.0,2.0,1.0,385.0,1,0,36.252,52,624
2,Eğitim Fakültesi,58,Türkçe Öğretmenliği,SÖZ,2021,27,35,104,168,272,3.0,2.0,3.0,371.0,0,0,11.209,62,1.17
2,Eğitim Fakültesi,58,Türkçe Öğretmenliği,SÖZ,2022,21,41,118,183,301,3.0,5.0,0.0,410.0,5,0,14.581,62,890
2,Eğitim Fakültesi,58,Türkçe Öğretmenliği,SÖZ,2023,25,37,119,184,303,4.0,3.0,4.0,414.0,1,3,11.409,62,873
3,Fen-Edebiyat Fakültesi,12,Fizik,SAY,2021,48,34,306,182,488,17.0,13.0,8.0,271.0,2,0,226.256,82,790
3,Fen-Edebiyat Fakültesi,12,Fizik,SAY,2022,42,40,272,185,457,19.0,10.0,9.0,343.0,1,0,188.673,82,1.373
3,Fen-Edebiyat Fakültesi,12,Fizik,SAY,2023,45,37,278,188,466,25.0,13.0,9.0,375.0,4,1,144.675,84,1325
3,Fen-Edebiyat Fakültesi,14,Fransızca Mütercim ve Tercümanlık,DİL,2021,21,31,14,37,51,2.0,2.0,1.0,388.0,0,0,15.602,52,1.141
3,Fen-Edebiyat Fakültesi,14,Fransızca Mütercim ve Tercümanlık,DİL,2022,15,37,50,90,140,2.0,3.0,2.0,433.0,1,0,13.437,52,1.157
3,Fen-Edebiyat Fakültesi,14,Fransızca Mütercim ve Tercümanlık,DİL,2023,11,43,46,123,169,1.0,3.0,5.0,448.0,4,0,11.332,54,880
3,Fen-Edebiyat Fakültesi,26,İstatistik,SAY,2021,37,45,249,205,454,5.0,3.0,7.0,310.0,5,0,144.907,82,1.335
3,Fen-Edebiyat Fakültesi,26,İstatistik,SAY,2022,42,40,278,212,490,5.0,4.0,5.0,406.0,1,0,99.244,82,2.079
3,Fen-Edebiyat Fakültesi,26,İstatistik,SAY,2023,58,25,311,215,526,5.0,6.0,4.0,439.0,10,0,67.879,84,2320
3,Fen-Edebiyat Fakültesi,29,Kimya,SAY,2021,23,80,144,495,639,28.0,12.0,5.0,310.0,3,0,144.82,103,1.227
3,Fen-Edebiyat Fakültesi,29,Kimya,SAY,2022,22,81,131,485,616,32.0,10.0,3.0,391.0,1,0,115.672,103,1.792
3,Fen-Edebiyat Fakültesi,29,Kimya,SAY,2023,21,82,125,469,594,40.0,9.0,8.0,414.0,17,1,93.677,106,1618
3,Fen-Edebiyat Fakültesi,30,Kimya (İngilizce),SAY,2021,15,37,69,149,218,28.0,12.0,5.0,343.0,0,0,99.871,52,972
3,Fen-Edebiyat Fakültesi,30,Kimya (İngilizce),SAY,2022,13,39,81,181,262,0.0,0.0,0.0,420.0,1,1,83.97,52,1.277
3,Fen-Edebiyat Fakültesi,30,Kimya (İngilizce),SAY,2023,12,40,79,207,286,40.0,9.0,8.0,434.0,5,0,72.562,54,1183
3,Fen-Edebiyat Fakültesi,38,Matematik,SAY,2021,48,34,190,235,425,11.0,10.0,18.0,342.0,4,1,101.109,82,1.084
3,Fen-Edebiyat Fakültesi,38,Matematik,SAY,2022,49,33,232,193,425,11.0,10.0,14.0,419.0,0,0,85.092,82,1.974
3,Fen-Edebiyat Fakültesi,38,Matematik,SAY,2023,47,35,254,198,452,17.0,8.0,11.0,436.0,1,1,70.496,84,1802
3,Fen-Edebiyat Fakültesi,49,Moleküler Biyoloji ve Genetik,SAY,2021,17,65,124,254,378,5.0,3.0,5.0,380.0,3,2,60.177,82,1.874
3,Fen-Edebiyat Fakültesi,49,Moleküler Biyoloji ve Genetik,SAY,2022,21,61,130,326,456,7.0,2.0,5.0,450.0,0,1,56.555,82,2.131
3,Fen-Edebiyat Fakültesi,49,Moleküler Biyoloji ve Genetik,SAY,2023,32,51,135,323,458,7.0,6.0,3.0,451.0,8,1,56.719,84,1612
3,Fen-Edebiyat Fakültesi,57,Türk Dili ve Edebiyatı,SÖZ,2021,17,55,75,230,305,4.0,1.0,6.0,323.0,0,5,59.86,72,994
3,Fen-Edebiyat Fakültesi,57,Türk Dili ve Edebiyatı,SÖZ,2022,15,57,80,235,315,5.0,2.0,6.0,375.0,0,3,53.074,72,1.627
3,Fen-Edebiyat Fakültesi,57,Türk Dili ve Edebiyatı,SÖZ,2023,18,56,84,255,339,4.0,3.0,9.0,378.0,2,8,47.179,74,1105
4,Gemi İnşaatı ve Denizcilik Fakültesi,15,Gemi İnşaatı ve Gemi Makineleri Mühendisliği,SAY,2021,69,13,546,52,598,10.0,3.0,9.0,384.0,10,0,57.003,82,943
4,Gemi İnşaatı ve Denizcilik Fakültesi,15,Gemi İnşaatı ve Gemi Makineleri Mühendisliği,SAY,2022,73,9,554,68,622,11.0,3.0,7.0,456.0,4,0,50.704,82,1.227
4,Gemi İnşaatı ve Denizcilik Fakültesi,15,Gemi İnşaatı ve Gemi Makineleri Mühendisliği,SAY,2023,68,14,523,72,595,10.0,7.0,5.0,470.0,7,0,40.128,82,1479
4,Gemi İnşaatı ve Denizcilik Fakültesi,16,Gemi Makineleri İşletme Mühendisliği,SAY,2021,60,12,434,19,453,4.0,4.0,9.0,351.0,2,0,90.209,72,801
4,Gemi İnşaatı ve Denizcilik Fakültesi,16,Gemi Makineleri İşletme Mühendisliği,SAY,2022,61,11,471,34,505,4.0,6.0,7.0,429.0,1,0,74.874,72,1.158
4,Gemi İnşaatı ve Denizcilik Fakültesi,16,Gemi Makineleri İşletme Mühendisliği,SAY,2023,62,10,416,39,455,5.0,6.0,6.0,445.0,4,0,62.528,72,1086
5,Kimya-Metalurji Fakültesi,4,Biyomühendislik,SAY,2021,18,54,84,319,403,6.0,2.0,5.0,351.0,8,0,90.344,72,1.206
5,Kimya-Metalurji Fakültesi,4,Biyomühendislik,SAY,2022,14,58,109,367,476,6.0,5.0,5.0,425.0,4,0,78.936,72,1.41
5,Kimya-Metalurji Fakültesi,4,Biyomühendislik,SAY,2023,18,54,106,341,447,11.0,7.0,2.0,437.0,4,0,69.728,72,1190
5,Kimya-Metalurji Fakültesi,5,Biyomühendislik (İngilizce),SAY,2021,10,52,111,307,418,6.0,2.0,5.0,364.0,11,0,76.044,62,1.477
5,Kimya-Metalurji Fakültesi,5,Biyomühendislik (İngilizce),SAY,2022,12,50,118,350,468,0.0,0.0,0.0,438.0,2,1,66.934,62,1.642
5,Kimya-Metalurji Fakültesi,5,Biyomühendislik (İngilizce),SAY,2023,14,48,113,333,446,11.0,7.0,2.0,448.0,7,2,59.276,62,1385
5,Kimya-Metalurji Fakültesi,17,Gıda Mühendisliği,SAY,2021,18,54,63,323,386,4.0,4.0,3.0,332.0,2,0,113.046,72,894
5,Kimya-Metalurji Fakültesi,17,Gıda Mühendisliği,SAY,2022,12,60,73,338,411,3.0,6.0,2.0,406.0,1,4,98.859,72,1.314
5,Kimya-Metalurji Fakültesi,17,Gıda Mühendisliği,SAY,2023,12,60,79,331,410,5.0,4.0,3.0,420.0,8,2,86.82,72,1128
5,Kimya-Metalurji Fakültesi,31,Kimya Mühendisliği,SAY,2021,23,59,147,377,524,7.0,8.0,12.0,384.0,12,1,56.591,82,1.463
5,Kimya-Metalurji Fakültesi,31,Kimya Mühendisliği,SAY,2022,27,55,156,398,554,8.0,9.0,10.0,458.0,2,0,49.462,82,1.597
5,Kimya-Metalurji Fakültesi,31,Kimya Mühendisliği,SAY,2023,32,50,157,367,524,12.0,8.0,7.0,469.0,19,0,41.104,82,1758
5,Kimya-Metalurji Fakültesi,32,Kimya Mühendisliği (İngilizce),SAY,2021,23,49,143,277,420,7.0,8.0,12.0,396.0,6,0,46.546,72,1.73
5,Kimya-Metalurji Fakültesi,32,Kimya Mühendisliği (İngilizce),SAY,2022,30,42,176,304,480,0.0,0.0,0.0,471.0,2,3,38.518,72,1.854
5,Kimya-Metalurji Fakültesi,32,Kimya Mühendisliği (İngilizce),SAY,2023,28,44,176,311,487,12.0,8.0,7.0,484.0,12,4,29.203,72,1716
5,Kimya-Metalurji Fakültesi,39,Matematik Mühendisliği,SAY,2021,53,50,364,347,711,11.0,5.0,10.0,400.0,2,1,43.145,103,1.057
5,Kimya-Metalurji Fakültesi,39,Matematik Mühendisliği,SAY,2022,58,45,367,302,669,12.0,5.0,9.0,482.0,3,1,30.017,103,1.961
5,Kimya-Metalurji Fakültesi,39,Matematik Mühendisliği,SAY,2023,75,28,402,274,676,14.0,5.0,10.0,503.0,4,1,16.507,103,2283
5,Kimya-Metalurji Fakültesi,40,Matematik Mühendisliği (İngilizce),SAY,2021,48,24,205,197,402,11.0,5.0,10.0,411.0,7,0,34.558,72,1.072
5,Kimya-Metalurji Fakültesi,40,Matematik Mühendisliği (İngilizce),SAY,2022,49,23,272,186,458,12.0,5.0,9.0,496.0,7,0,19.614,72,1.932
5,Kimya-Metalurji Fakültesi,40,Matematik Mühendisliği (İngilizce),SAY,2023,51,21,306,175,481,14.0,5.0,10.0,511.0,13,0,11.881,72,2035
5,Kimya-Metalurji Fakültesi,41,Matematik Mühendisliği (KKTC Uyruklu),SAY,2021,0,0,0,0,0,0.0,0.0,0.0,0.0,0,0,0.0,1,3
5,Kimya-Metalurji Fakültesi,41,Matematik Mühendisliği (KKTC Uyruklu),SAY,2022,1,0,0,0,0,0.0,0.0,0.0,459.0,0,0,48.118,1,9
5,Kimya-Metalurji Fakültesi,41,Matematik Mühendisliği (KKTC Uyruklu),SAY,2023,0,1,0,0,0,14.0,5.0,10.0,413.0,0,0,94.505,1,6
5,Kimya-Metalurji Fakültesi,45,Metalurji ve Malzeme Mühendisliği,SAY,2021,45,58,487,220,707,14.0,6.0,10.0,367.0,7,1,73.218,103,1.099
5,Kimya-Metalurji Fakültesi,45,Metalurji ve Malzeme Mühendisliği,SAY,2022,54,49,416,263,679,10.0,9.0,8.0,443.0,5,0,62.737,103,1.448
5,Kimya-Metalurji Fakültesi,45,Metalurji ve Malzeme Mühendisliği,SAY,2023,56,47,380,249,629,10.0,10.0,8.0,454.0,7,0,53.949,103,1413
5,Kimya-Metalurji Fakültesi,46,Metalurji ve Malzeme Mühendisliği (İngilizce),SAY,2021,30,22,203,124,327,14.0,6.0,10.0,385.0,2,0,55.952,52,946
5,Kimya-Metalurji Fakültesi,46,Metalurji ve Malzeme Mühendisliği (İngilizce),SAY,2022,33,19,209,129,338,0.0,0.0,0.0,460.0,8,3,47.547,52,1.296
5,Kimya-Metalurji Fakültesi,46,Metalurji ve Malzeme Mühendisliği (İngilizce),SAY,2023,30,22,205,127,332,10.0,10.0,8.0,474.0,5,2,36.943,52,1203
6,Makine Fakültesi,9,Endüstri Mühendisliği,SAY,2021,45,37,333,278,611,9.0,4.0,8.0,426.0,3,0,24.127,82,1.769
6,Makine Fakültesi,9,Endüstri Mühendisliği,SAY,2022,44,38,357,286,643,10.0,5.0,8.0,503.0,1,0,15.537,82,2.39
6,Makine Fakültesi,9,Endüstri Mühendisliği,SAY,2023,41,41,334,270,604,10.0,4.0,8.0,512.0,13,0,11.527,82,2036
6,Makine Fakültesi,10,Endüstri Mühendisliği (İngilizce),SAY,2021,29,23,224,160,384,9.0,4.0,8.0,439.0,8,0,16.841,52,1.96
6,Makine Fakültesi,10,Endüstri Mühendisliği (İngilizce),SAY,2022,28,24,268,199,467,10.0,5.0,8.0,510.0,3,0,11.027,52,2.626
6,Makine Fakültesi,10,Endüstri Mühendisliği (İngilizce),SAY,2023,26,26,265,203,468,10.0,4.0,8.0,519.0,4,0,8.111,52,2346
6,Makine Fakültesi,37,Makine Mühendisliği,SAY,2021,194,22,1546,122,1668,23.0,14.0,26.0,403.0,12,2,40.592,216,2.352
6,Makine Fakültesi,37,Makine Mühendisliği,SAY,2022,178,38,1429,150,1579,25.0,18.0,17.0,476.0,6,9,34.612,216,2.903
6,Makine Fakültesi,37,Makine Mühendisliği,SAY,2023,180,36,1277,165,1442,28.0,21.0,16.0,487.0,35,6,26.723,216,2933
6,Makine Fakültesi,42,Mekatronik Mühendisliği,SAY,2021,49,13,378,75,453,4.0,3.0,6.0,407.0,1,0,37.16,62,1.321
6,Makine Fakültesi,42,Mekatronik Mühendisliği,SAY,2022,48,14,421,91,512,4.0,5.0,7.0,483.0,1,0,29.075,62,1.451
6,Makine Fakültesi,42,Mekatronik Mühendisliği,SAY,2023,44,18,398,85,483,7.0,4.0,7.0,495.0,8,0,21.399,62,1474
6,Makine Fakültesi,43,Mekatronik Mühendisliği (İngilizce),SAY,2021,37,15,332,58,390,4.0,3.0,6.0,420.0,6,0,28.16,52,1.399
6,Makine Fakültesi,43,Mekatronik Mühendisliği (İngilizce),SAY,2022,45,7,390,73,463,0.0,0.0,0.0,494.0,0,0,20.973,52,1.668
6,Makine Fakültesi,43,Mekatronik Mühendisliği (İngilizce),SAY,2023,37,15,379,80,459,7.0,4.0,7.0,502.0,3,2,17.015,52,1462
6,Makine Fakültesi,44,Mekatronik Mühendisliği (İngilizce) (KKTC Uyruklu),SAY,2021,0,0,0,0,0,0.0,0.0,0.0,0.0,0,0,0.0,1,4
6,Makine Fakültesi,44,Mekatronik Mühendisliği (İngilizce) (KKTC Uyruklu),SAY,2022,1,0,8,0,8,0.0,0.0,0.0,425.0,0,0,78.831,1,12
6,Makine Fakültesi,44,Mekatronik Mühendisliği (İngilizce) (KKTC Uyruklu),SAY,2023,2,0,3,0,3,7.0,4.0,7.0,352.0,0,0,184.253,2,17
7,Mimarlık Fakültesi,35,Kültür Varlıklarını Koruma ve Onarım,EA,2021,14,27,40,58,98,0.0,1.0,3.0,255.0,0,0,343.115,41,283
7,Mimarlık Fakültesi,35,Kültür Varlıklarını Koruma ve Onarım,EA,2022,22,19,76,104,180,0.0,1.0,3.0,316.0,1,0,311.44,41,866
7,Mimarlık Fakültesi,35,Kültür Varlıklarını Koruma ve Onarım,EA,2023,17,25,88,130,218,1.0,2.0,2.0,320.0,0,0,285.723,42,648
7,Mimarlık Fakültesi,36,Kültür Varlıklarını Koruma ve Onarım (KKTC Uyruklu),EA,2023,0,0,0,0,0,1.0,2.0,2.0,0.0,0,0,0.0,1,1
7,Mimarlık Fakültesi,47,Mimarlık,SAY,2021,38,96,465,645,1110,15.0,21.0,23.0,382.0,12,4,58.814,134,2.578
7,Mimarlık Fakültesi,47,Mimarlık,SAY,2022,34,100,422,733,1155,13.0,22.0,21.0,441.0,2,4,64.251,134,2.057
7,Mimarlık Fakültesi,47,Mimarlık,SAY,2023,36,98,341,684,1025,16.0,22.0,16.0,444.0,5,4,63.449,134,1783
7,Mimarlık Fakültesi,48,Mimarlık (İngilizce),SAY,2021,21,51,162,262,424,15.0,21.0,23.0,396.0,3,0,46.853,72,1.89
7,Mimarlık Fakültesi,48,Mimarlık (İngilizce),SAY,2022,13,59,190,357,547,0.0,0.0,0.0,460.0,4,11,47.436,72,1.491
7,Mimarlık Fakültesi,48,Mimarlık (İngilizce),SAY,2023,26,46,180,371,551,16.0,22.0,16.0,459.0,8,10,49.604,72,1159
7,Mimarlık Fakültesi,56,Şehir ve Bölge Planlama,SAY,2021,18,64,117,267,384,7.0,12.0,8.0,273.0,1,0,220.116,82,688
7,Mimarlık Fakültesi,56,Şehir ve Bölge Planlama,SAY,2022,26,56,124,307,431,7.0,12.0,9.0,332.0,1,5,209.019,82,1.372
7,Mimarlık Fakültesi,56,Şehir ve Bölge Planlama,SAY,2023,35,47,137,308,445,7.0,9.0,8.0,352.0,1,3,183.081,84,1302
8,Sanat ve Tasarım Fakültesi,13,Fotoğraf ve Video,SÖZ,2021,13,28,95,85,180,2.0,6.0,7.0,317.0,0,0,69.941,41,413
8,Sanat ve Tasarım Fakültesi,13,Fotoğraf ve Video,SÖZ,2022,16,25,107,135,242,6.0,4.0,9.0,374.0,0,0,55.005,41,968
8,Sanat ve Tasarım Fakültesi,13,Fotoğraf ve Video,SÖZ,2023,15,27,114,149,263,6.0,10.0,7.0,375.0,2,0,51.498,42,765
8,Sanat ve Tasarım Fakültesi,21,İletişim ve Tasarımı,SÖZ,2021,22,40,27,39,66,0.0,0.0,2.0,368.0,0,0,12.737,62,660
8,Sanat ve Tasarım Fakültesi,21,İletişim ve Tasarımı,SÖZ,2022,22,40,82,153,235,0.0,1.0,2.0,418.0,4,0,10.696,62,979
8,Sanat ve Tasarım Fakültesi,21,İletişim ve Tasarımı,SÖZ,2023,17,47,105,218,323,1.0,1.0,2.0,420.0,7,1,8.519,64,811
8,Sanat ve Tasarım Fakültesi,52,Sanat ve Kültür Yönetimi,SÖZ,2021,22,40,26,36,62,2.0,6.0,7.0,306.0,0,0,94.818,62,508
8,Sanat ve Tasarım Fakültesi,52,Sanat ve Kültür Yönetimi,SÖZ,2022,24,38,73,119,192,6.0,4.0,9.0,363.0,0,0,75.53,62,1.007
8,Sanat ve Tasarım Fakültesi,52,Sanat ve Kültür Yönetimi,SÖZ,2023,29,35,107,155,262,6.0,10.0,7.0,364.0,2,0,72.98,64,718
9,İktisadi ve İdari Bilimler Fakültesi,19,İktisat,EA,2023,54,52,54,52,106,14.0,3.0,8.0,381.0,0,0,79.271,106,4822
9,İktisadi ve İdari Bilimler Fakültesi,20,İktisat (İngilizce),EA,2021,31,21,170,110,280,11.0,3.0,10.0,353.0,7,0,43.517,52,1.188
9,İktisadi ve İdari Bilimler Fakültesi,20,İktisat (İngilizce),EA,2022,34,18,216,127,343,0.0,0.0,0.0,422.0,4,8,24.514,52,1.406
9,İktisadi ve İdari Bilimler Fakültesi,20,İktisat (İngilizce),EA,2023,34,18,222,134,356,14.0,3.0,8.0,435.0,12,6,10.367,54,1645
9,İktisadi ve İdari Bilimler Fakültesi,27,İşletme,EA,2021,42,51,279,245,524,12.0,11.0,12.0,317.0,9,1,106.525,93,1.915
9,İktisadi ve İdari Bilimler Fakültesi,27,İşletme,EA,2022,49,44,307,242,549,15.0,8.0,12.0,386.0,5,0,82.578,93,2.545
9,İktisadi ve İdari Bilimler Fakültesi,27,İşletme,EA,2023,35,61,296,260,556,19.0,6.0,13.0,395.0,16,0,51.678,96,1964
9,İktisadi ve İdari Bilimler Fakültesi,28,İşletme (İngilizce),EA,2021,25,27,104,69,173,12.0,11.0,12.0,350.0,2,0,47.122,52,1.836
9,İktisadi ve İdari Bilimler Fakültesi,28,İşletme (İngilizce),EA,2022,27,25,181,143,324,0.0,0.0,0.0,421.0,0,6,25.731,52,2.175
9,İktisadi ve İdari Bilimler Fakültesi,28,İşletme (İngilizce),EA,2023,29,23,208,171,379,19.0,6.0,13.0,431.0,18,4,12.061,54,1944
9,İktisadi ve İdari Bilimler Fakültesi,54,Siyaset Bilimi ve Uluslararası İlişkiler,EA,2021,34,48,212,292,504,6.0,2.0,3.0,302.0,17,5,144.555,82,1.471
9,İktisadi ve İdari Bilimler Fakültesi,54,Siyaset Bilimi ve Uluslararası İlişkiler,EA,2022,34,48,196,302,498,5.0,4.0,1.0,364.0,2,5,133.761,82,2.114
9,İktisadi ve İdari Bilimler Fakültesi,54,Siyaset Bilimi ve Uluslararası İlişkiler,EA,2023,29,55,188,299,487,5.0,5.0,1.0,371.0,10,5,100.011,84,1920
10,İnşaat Fakültesi,6,Çevre Mühendisliği,SAY,2021,15,57,178,283,461,14.0,7.0,4.0,315.0,7,0,136.596,72,909
10,İnşaat Fakültesi,6,Çevre Mühendisliği,SAY,2022,26,46,168,306,474,16.0,8.0,3.0,390.0,1,0,117.624,72,997
10,İnşaat Fakültesi,6,Çevre Mühendisliği,SAY,2023,20,52,150,293,443,16.0,10.0,4.0,405.0,8,1,103.848,72,960
10,İnşaat Fakültesi,18,Harita Mühendisliği,SAY,2021,63,30,434,199,633,12.0,7.0,10.0,284.0,5,0,193.949,93,575
10,İnşaat Fakültesi,18,Harita Mühendisliği,SAY,2022,48,45,380,208,588,16.0,5.0,9.0,348.0,1,0,177.87,93,910
10,İnşaat Fakültesi,18,Harita Mühendisliği,SAY,2023,54,39,345,201,546,17.0,7.0,8.0,369.0,5,1,154.392,93,943
10,İnşaat Fakültesi,24,İnşaat Mühendisliği,SAY,2021,116,18,899,125,1024,15.0,17.0,23.0,340.0,8,5,103.582,134,1.278
10,İnşaat Fakültesi,24,İnşaat Mühendisliği,SAY,2022,106,28,801,150,951,19.0,16.0,21.0,409.0,2,0,96.062,134,1.858
10,İnşaat Fakültesi,24,İnşaat Mühendisliği,SAY,2023,108,26,724,141,865,26.0,14.0,23.0,421.0,5,2,86.151,134,1721
10,İnşaat Fakültesi,25,İnşaat Mühendisliği (İngilizce),SAY,2021,54,8,324,32,356,15.0,17.0,23.0,359.0,0,0,81.206,62,933
10,İnşaat Fakültesi,25,İnşaat Mühendisliği (İngilizce),SAY,2022,52,10,356,45,401,0.0,0.0,0.0,430.0,1,9,74.506,62,1.414
10,İnşaat Fakültesi,25,İnşaat Mühendisliği (İngilizce),SAY,2023,50,12,348,58,406,26.0,14.0,23.0,443.0,2,7,64.531,62,1306
